PMID,Title,Authors,Citation,First Author,Journal/Book,Publication Year,Create Date,PMCID,NIHMS ID,DOI
"38560304","A Rare Coexistence of Hybrid Tumor Low-grade Fibromyxoid Sarcoma/Sclerosing Epithelioid Fibrosarcoma and Hibernoma in the Same Thigh: A Case Report","Alkameshki M, Nail LL, Tallegas M, Miquelestorena-Standley E, Samargandi R.","J Orthop Case Rep. 2024 Mar;14(3):130-135. doi: 10.13107/jocr.2024.v14.i03.4316.","Alkameshki M","J Orthop Case Rep","2024","2024/04/01","PMC10976555","","10.13107/jocr.2024.v14.i03.4316"
"38347522","Novel KMT2B gene mutation in MUC4 positive low-grade fibromyxoid sarcoma","Zhang L, Luo L, Liu C, Li Z.","Diagn Pathol. 2024 Feb 12;19(1):30. doi: 10.1186/s13000-024-01458-5.","Zhang L","Diagn Pathol","2024","2024/02/12","PMC10860237","","10.1186/s13000-024-01458-5"
"38332052","Small cell osteosarcoma versus fusion-driven round cell sarcomas of bone: retrospective clinical, radiological, pathological, and (epi)genetic comparison with clinical implications","Hiemcke-Jiwa LS, Sumathi VP, Baumhoer D, Smetsers SE, Haveman LM, van Noesel MM, van Langevelde K, Cleven AHG, van de Sande MAJ, Ter Horst SAJ, Kester LA, Flucke U.","Virchows Arch. 2024 Feb 9. doi: 10.1007/s00428-024-03747-2. Online ahead of print.","Hiemcke-Jiwa LS","Virchows Arch","2024","2024/02/08","","","10.1007/s00428-024-03747-2"
"38278601","Sclerosing Epithelioid Fibrosarcoma","Warmke LM, Yu W, Meis JM.","Surg Pathol Clin. 2024 Mar;17(1):119-139. doi: 10.1016/j.path.2023.06.009. Epub 2023 Aug 5.","Warmke LM","Surg Pathol Clin","2024","2024/01/26","","","10.1016/j.path.2023.06.009"
"38156143","The Expression of Mucin-4 (MUC4) in Sarcomas Apart From Sclerosing Epithelioid Fibrosarcoma and Low-Grade Fibromyxoid Sarcoma","Hassan U, Saeed SM Sr, Mushtaq S, Hussain M, Hameed M.","Cureus. 2023 Nov 28;15(11):e49546. doi: 10.7759/cureus.49546. eCollection 2023 Nov.","Hassan U","Cureus","2023","2023/12/29","PMC10753521","","10.7759/cureus.49546"
"38135061","Rhabdomyosarcoma: Updates on classification and the necessity of molecular testing beyond immunohistochemistry","Dehner CA, Rudzinski ER, Davis JL.","Hum Pathol. 2023 Dec 21:S0046-8177(23)00251-4. doi: 10.1016/j.humpath.2023.12.004. Online ahead of print.","Dehner CA","Hum Pathol","2023","2023/12/22","","","10.1016/j.humpath.2023.12.004"
"38114270","Spindle cell rhabdomyosarcomas: With TFCP2 rearrangements, and novel EWSR1::ZBTB41 and PLOD2::RBM6 gene fusions. A study of five cases and review of the literature","Bradová M, Mosaieby E, Michal M, Vaněček T, Ing SK, Grossmann P, Koshyk O, Kinkor Z, Laciok Š, Nemcová A, Straka Ľ, Farkas M, Michal M, Švajdler M.","Histopathology. 2024 Apr;84(5):776-793. doi: 10.1111/his.15121. Epub 2023 Dec 19.","Bradová M","Histopathology","2024","2023/12/19","","","10.1111/his.15121"
"38008029","Sclerosing Epithelioid Fibrosarcoma (SEF) versus Low Grade Fibromyxoid Sarcoma (LGFMS): Presentation and outcome in the nationwide NETSARC+ series of 330 patients over 13 years","Blay JY, Tlemsani C, Toulmonde M, Italiano A, Rios M, Bompas E, Valentin T, Duffaud F, Le Nail LR, Watson S, Firmin N, Dubray-Longeras P, Ropars M, Perrin C, Hervieu A, Lebbe C, Saada-Bouzid E, Soibinet P, Fiorenza F, Bertucci F, Boudou P, Vaz G, Bonvalot S, Honoré C, Marec-Berard P, Minard V, Cleirec M, Biau D, Meeus P, Babinet A, Dumaine V, Carriere S, Fau M, Decanter G, Gouin F, Ngo C, Le Loarer F, Karanian M, Meurgey A, Dufresne A, Brahmi M, Chemin-Airiau C, Ducimetiere F, Penel N, Le Cesne A; NETSARC/REPPS/RESOS and French Sarcoma Group- Groupe d′Etude des Tumeurs Osseuses (GSF-GETO) networks.","Eur J Cancer. 2024 Jan;196:113454. doi: 10.1016/j.ejca.2023.113454. Epub 2023 Nov 23.","Blay JY","Eur J Cancer","2024","2023/11/26","","","10.1016/j.ejca.2023.113454"
"37899499","Utility of Immunohistochemistry With Antibodies to SS18-SSX Chimeric Proteins and C-Terminus of SSX Protein for Synovial Sarcoma Differential Diagnosis","Lasota J, Chłopek M, Kaczorowski M, Natálie K, Ryś J, Kopczyński J, Sulaieva O, Michal M, Kruczak A, Harazin-Lechowska A, Szczepaniak M, Koshyk O, Hałoń A, Czapiewski P, Abdullaev Z, Kowalik A, Aldape KD, Michal M, Miettinen M.","Am J Surg Pathol. 2024 Jan 1;48(1):97-105. doi: 10.1097/PAS.0000000000002144. Epub 2023 Oct 27.","Lasota J","Am J Surg Pathol","2024","2023/10/30","","","10.1097/PAS.0000000000002144"
"37524934","Sclerosing epithelioid fibrosarcoma of bone with hybrid features: clinicopathologic, radiologic, and molecular analysis of three cases","Suster DI, Gross JM, Fayad L, Wenokor C, Goldsmith JD, Ward A, Early C, Lazano-Calderon S, Klein MJ.","Skeletal Radiol. 2024 Feb;53(2):387-393. doi: 10.1007/s00256-023-04412-6. Epub 2023 Jul 31.","Suster DI","Skeletal Radiol","2024","2023/07/31","","","10.1007/s00256-023-04412-6"
"37440448","Fibroblastic and Myofibroblastic Soft-Tissue Tumors: Imaging Spectrum and Radiologic-Pathologic Correlation","Haseli S, Mansoori B, Christensen D, Abadi A, Pooyan A, Shomal Zadeh F, Mau B, Khalili N, Murphey M, Chalian M.","Radiographics. 2023 Aug;43(8):e230005. doi: 10.1148/rg.230005.","Haseli S","Radiographics","2023","2023/07/13","","","10.1148/rg.230005"
"37149364","Controversies in the Spleen: Histiocytic, Dendritic, and Stromal Cell Lesions","Auerbach A, Girton M, Aguilera N.","Surg Pathol Clin. 2023 Jun;16(2):385-400. doi: 10.1016/j.path.2023.01.004. Epub 2023 Mar 8.","Auerbach A","Surg Pathol Clin","2023","2023/05/06","","","10.1016/j.path.2023.01.004"
"36980529","Biological Role and Clinical Implications of MYOD1(L122R) Mutation in Rhabdomyosarcoma","Di Carlo D, Chisholm J, Kelsey A, Alaggio R, Bisogno G, Minard-Colin V, Jenney M, Dávila Fajardo R, Merks JHM, Shipley JM, Selfe JL.","Cancers (Basel). 2023 Mar 7;15(6):1644. doi: 10.3390/cancers15061644.","Di Carlo D","Cancers (Basel)","2023","2023/03/29","PMC10046495","","10.3390/cancers15061644"
"36959690","VIM::KMT2A-rearranged sarcomas: A report of two new cases confirming an entity with distinct histologic features","Almohsen SS, Griffin AM, Dickson BC, Demicco EG.","Genes Chromosomes Cancer. 2023 Jul;62(7):405-411. doi: 10.1002/gcc.23138. Epub 2023 Mar 31.","Almohsen SS","Genes Chromosomes Cancer","2023","2023/03/24","","","10.1002/gcc.23138"
"36920267","The natural origins of cytostatic compounds used in rhabdomyosarcoma therapy","Lewandowski D, Szewczyk A, Radzka J, Dubińska-Magiera M, Kazimierczak W, Daczewska M, Migocka-Patrzałek M.","Adv Clin Exp Med. 2023 Oct;32(10):1179-1191. doi: 10.17219/acem/161165.","Lewandowski D","Adv Clin Exp Med","2023","2023/03/15","","","10.17219/acem/161165"
"36860202","Diagnostic utility of FOXO1 immunohistochemistry for rhabdomyosarcoma classification","Rutland CD, Gedallovich J, Wang A, Zdravkovic S, Varma S, Hornick JL, Charville GW.","Histopathology. 2023 Jul;83(1):49-56. doi: 10.1111/his.14898. Epub 2023 Mar 15.","Rutland CD","Histopathology","2023","2023/03/02","","","10.1111/his.14898"
"36690575","The clinicopathological spectrum of sclerosing epithelioid fibrosarcoma: report of an additional series with review of the literature","Peng Y, Zhang D, Lei T, Xie J, Wu C, Wang H, Shi Y, Li Q, Wang J.","Pathology. 2023 Apr;55(3):355-361. doi: 10.1016/j.pathol.2022.10.005. Epub 2022 Dec 21.","Peng Y","Pathology","2023","2023/01/23","","","10.1016/j.pathol.2022.10.005"
"36470043","Maxillary clear cell odontogenic carcinoma with EWSR1-ATF1 fusion gene mimicking sclerosing odontogenic carcinoma: A case report and literature review","Xie R, Wang W, Thomas AM, Li S, Qin H.","Pathol Res Pract. 2023 Jan;241:154257. doi: 10.1016/j.prp.2022.154257. Epub 2022 Nov 30.","Xie R","Pathol Res Pract","2023","2022/12/05","","","10.1016/j.prp.2022.154257"
"36405948","Metastatic sclerosing epithelioid fibrosarcoma in an adult male from a tertiary care centre in India: a case report","Santhosh A, Mehta J, Barwad A, Shamim SA, Rastogi S.","Ecancermedicalscience. 2022 Sep 20;16:1446. doi: 10.3332/ecancer.2022.1446. eCollection 2022.","Santhosh A","Ecancermedicalscience","2022","2022/11/21","PMC9666284","","10.3332/ecancer.2022.1446"
"36288393","Examining Stripes on a Herd of Zebras: Impact of Genomic Matching for Ultrarare Sarcomas in Phase 1 Clinical Trials (SAMBA 102)","Moyers JT, Pestana RC, Roszik J, Hong DS, Naing A, Fu S, Piha-Paul S, Yap TA, Karp D, Rodon J, Livingston A, Zarzour MA, Ravi V, Patel S, Benjamin RS, Ludwig J, Herzog C, Ratan R, Somaiah N, Conley A, Gorlick R, Meric-Bernstam F, Subbiah V.","Clin Cancer Res. 2023 Jan 17;29(2):401-409. doi: 10.1158/1078-0432.CCR-22-2509.","Moyers JT","Clin Cancer Res","2023","2022/10/26","PMC9843435","","10.1158/1078-0432.CCR-22-2509"
"35839732","Molecular testing of rhabdomyosarcoma in clinical trials to improve risk stratification and outcome: A consensus view from European paediatric Soft tissue sarcoma Study Group, Children's Oncology Group and Cooperative Weichteilsarkom-Studiengruppe","Hettmer S, Linardic CM, Kelsey A, Rudzinski ER, Vokuhl C, Selfe J, Ruhen O, Shern JF, Khan J, Kovach AR, Lupo PJ, Gatz SA, Schäfer BW, Volchenboum S, Minard-Colin V, Koscielniak E, Hawkins DS, Bisogno G, Sparber-Sauer M, Venkatramani R, Merks JHM, Shipley J.","Eur J Cancer. 2022 Sep;172:367-386. doi: 10.1016/j.ejca.2022.05.036. Epub 2022 Jul 12.","Hettmer S","Eur J Cancer","2022","2022/07/15","","","10.1016/j.ejca.2022.05.036"
"35836959","Sclerosing Epithelioid Fibrosarcoma of the Thoracic Vertebrae: An Fairly Unusual Case Report With a Short Review of Literature","Wei C, Ma Y, Wu D, Chen X, Li C, Chen J, Zhou S.","Front Med (Lausanne). 2022 Jun 28;9:833864. doi: 10.3389/fmed.2022.833864. eCollection 2022.","Wei C","Front Med (Lausanne)","2022","2022/07/15","PMC9273825","","10.3389/fmed.2022.833864"
"35506154","Features of ophthalmic, magnetic resonance imaging, and histopathology of a feline case of idiopathic sclerosing orbital pseudotumor","Lee H, Wu CC, Liao PW, Michael Chang K, Wei LN, Wu YY, Chan MH, Chiang YS, Pang VF, Lin CT.","Vet Med Sci. 2022 Jul;8(4):1352-1360. doi: 10.1002/vms3.822. Epub 2022 May 3.","Lee H","Vet Med Sci","2022","2022/05/04","PMC9297745","","10.1002/vms3.822"
"35307771","Proceedings of the North American Society of Head and Neck Pathology, Los Angeles, CA, March 20, 2022. Emerging Bone and Soft Tissue Neoplasms in the Head and Neck Region","Xu B.","Head Neck Pathol. 2022 Mar;16(1):158-167. doi: 10.1007/s12105-022-01418-9. Epub 2022 Mar 21.","Xu B","Head Neck Pathol","2022","2022/03/21","PMC9019004","","10.1007/s12105-022-01418-9"
"35149769","Adult NTRK-rearranged spindle cell neoplasms of the viscera: with an emphasis on rare locations and heterologous elements","Tsai JW, Lee JC, Hsieh TH, Huang SC, Lee PH, Liu TT, Kao YC, Chang CD, Weng TF, Li CF, Lin JC, Liang CW, Su YL, Chang IY, Wang YT, Chang NY, Yu SC, Wang JC, Huang HY.","Mod Pathol. 2022 Jul;35(7):911-921. doi: 10.1038/s41379-021-01005-3. Epub 2022 Feb 11.","Tsai JW","Mod Pathol","2022","2022/02/12","","","10.1038/s41379-021-01005-3"
"35051261","An Integrative Morphologic and Molecular Approach for Diagnosis and Subclassification of Rhabdomyosarcoma","Fan R, Parham DM, Wang LL.","Arch Pathol Lab Med. 2022 Aug 1;146(8):953-959. doi: 10.5858/arpa.2021-0183-RA.","Fan R","Arch Pathol Lab Med","2022","2022/01/20","","","10.5858/arpa.2021-0183-RA"
"34990868","A group of sclerosing epithelioid fibrosarcomas with low-level amplified EWSR1-CREB3L1 fusion gene in children","Zhang M, Yu Y, Guan X, Yao X, Jia C, Hong E, Guo Y, He L.","Pathol Res Pract. 2022 Feb;230:153754. doi: 10.1016/j.prp.2021.153754. Epub 2021 Dec 30.","Zhang M","Pathol Res Pract","2022","2022/01/06","","","10.1016/j.prp.2021.153754"
"34768995","Deciphering the Genomic Landscape and Pharmacological Profile of Uncommon Entities of Adult Rhabdomyosarcomas","De Vita A, Vanni S, Fausti V, Cocchi C, Recine F, Miserocchi G, Liverani C, Spadazzi C, Bassi M, Gessaroli M, Campobassi A, De Luca G, Pieri F, Farnedi A, Franchini E, Ferrari A, Domizio C, Cavagna E, Gurrieri L, Bongiovanni A, Riva N, Calpona S, Di Menna G, Debonis SA, Ibrahim T, Mercatali L.","Int J Mol Sci. 2021 Oct 26;22(21):11564. doi: 10.3390/ijms222111564.","De Vita A","Int J Mol Sci","2021","2021/11/13","PMC8584142","","10.3390/ijms222111564"
"34350470","Mesenchymal/non-epithelial mimickers of neuroendocrine neoplasms with a focus on fusion gene-associated and SWI/SNF-deficient tumors","Kasajima A, Konukiewitz B, Schlitter AM, Weichert W, Bräsen JH, Agaimy A, Klöppel G.","Virchows Arch. 2021 Dec;479(6):1209-1219. doi: 10.1007/s00428-021-03156-9. Epub 2021 Aug 5.","Kasajima A","Virchows Arch","2021","2021/08/05","PMC8724147","","10.1007/s00428-021-03156-9"
"34277226","Mediastinal Low-Grade Fibromyxoid Sarcoma With FUS-CREB3L2 Gene Fusion","Williams CM, Du W, Mangano WE, Mei L.","Cureus. 2021 Jun 11;13(6):e15606. doi: 10.7759/cureus.15606. eCollection 2021 Jun.","Williams CM","Cureus","2021","2021/07/19","PMC8273027","","10.7759/cureus.15606"
"34272753","PRRX1-NCOA1-rearranged fibroblastic tumour: a clinicopathological, immunohistochemical and molecular genetic study of six cases of a potentially under-recognised, distinctive mesenchymal tumour","Dermawan JK, Azzato EM, Jebastin Thangaiah J, Gjorgova-Gjeorgievski S, Rubin BP, Folpe AL, Agaimy A, Fritchie KJ.","Histopathology. 2021 Dec;79(6):997-1003. doi: 10.1111/his.14454. Epub 2021 Sep 3.","Dermawan JK","Histopathology","2021","2021/07/17","","","10.1111/his.14454"
"34233079","Bone and soft tissue sarcomas in cerebrospinal fluid and effusion: A 20-year review at our institution","Sharma A, Thangaiah JJ, Shetty S, Policarpio-Nicolas MLC.","Cancer Cytopathol. 2021 Oct;129(10):776-787. doi: 10.1002/cncy.22431. Epub 2021 Jul 7.","Sharma A","Cancer Cytopathol","2021","2021/07/07","","","10.1002/cncy.22431"
"34184341","Novel fusion genes in spindle cell rhabdomyosarcoma: The spectrum broadens","Montoya-Cerrillo DM, Diaz-Perez JA, Velez-Torres JM, Montgomery EA, Rosenberg AE.","Genes Chromosomes Cancer. 2021 Oct;60(10):687-694. doi: 10.1002/gcc.22978. Epub 2021 Jul 8.","Montoya-Cerrillo DM","Genes Chromosomes Cancer","2021","2021/06/29","","","10.1002/gcc.22978"
"34164773","Establishment and characterization of NCC-ssRMS2-C1: a novel patient-derived cell line of spindle cell/sclerosing rhabdomyosarcoma","Tsuchiya R, Yoshimatsu Y, Noguchi R, Sin Y, Ono T, Sei A, Takeshita F, Sugaya J, Nakatani F, Yoshida A, Ohtori S, Kawai A, Kondo T.","Hum Cell. 2021 Sep;34(5):1569-1578. doi: 10.1007/s13577-021-00569-1. Epub 2021 Jun 23.","Tsuchiya R","Hum Cell","2021","2021/06/24","","","10.1007/s13577-021-00569-1"
"34086347","Genomic analysis and preclinical xenograft model development identify potential therapeutic targets for MYOD1-mutant soft-tissue sarcoma of childhood","Ting MA, Reuther J, Chandramohan R, Voicu H, Gandhi I, Liu M, Cortes-Santiago N, Foster JH, Hicks J, Nuchtern J, Scollon S, Plon SE, Chintagumpala M, Rainusso N, Roy A, Parsons DW.","J Pathol. 2021 Sep;255(1):52-61. doi: 10.1002/path.5736. Epub 2021 Jul 7.","Ting MA","J Pathol","2021","2021/06/04","","","10.1002/path.5736"
"34048081","Sclerosing epithelioid fibrosarcoma: in-depth review of a genetically heterogeneous tumor","Murshed KA, Al-Bozom I, Ammar A.","APMIS. 2021 Aug;129(8):455-460. doi: 10.1111/apm.13157. Epub 2021 Jun 25.","Murshed KA","APMIS","2021","2021/05/28","","","10.1111/apm.13157"
"33994171","Spindle cell/sclerosing rhabdomyosarcoma with a novel YAP1-MAML2 fusion in a 1-year-old: not all strongly TRK-expressing spindle cell sarcomas in infants are infantile fibrosarcomas!","Cordier F, Ameloot E, Dhooge C, Lapeire L, Sys G, Van Dorpe J, Creytens D.","Pathology. 2021 Dec;53(7):936-939. doi: 10.1016/j.pathol.2021.02.009. Epub 2021 May 13.","Cordier F","Pathology","2021","2021/05/17","","","10.1016/j.pathol.2021.02.009"
"33887463","DNA Methylation Profiling Discriminates between Malignant Pleural Mesothelioma and Neoplastic or Reactive Histologic Mimics","Bertero L, Righi L, Collemi G, Koelsche C, Hou Y, Stichel D, Schrimpf D, Flucke U, Petersen I, Vokuhl C, Fröhling S, Bironzo P, Scagliotti GV, Cassoni P, Papotti M, von Deimling A.","J Mol Diagn. 2021 Jul;23(7):834-846. doi: 10.1016/j.jmoldx.2021.04.002. Epub 2021 Apr 20.","Bertero L","J Mol Diagn","2021","2021/04/22","","","10.1016/j.jmoldx.2021.04.002"
"33846547","Clinicopathologic and molecular analysis of embryonal rhabdomyosarcoma of the genitourinary tract: evidence for a distinct DICER1-associated subgroup","Kommoss FKF, Stichel D, Mora J, Esteller M, Jones DTW, Pfister SM, Brack E, Wachtel M, Bode PK, Sinn HP, Schmidt D, Mentzel T, Kommoss F, Sahm F, von Deimling A, Koelsche C.","Mod Pathol. 2021 Aug;34(8):1558-1569. doi: 10.1038/s41379-021-00804-y. Epub 2021 Apr 12.","Kommoss FKF","Mod Pathol","2021","2021/04/13","PMC8295035","","10.1038/s41379-021-00804-y"
"33665585","Cell of origin in biliary tract cancers and clinical implications","Moeini A, Haber PK, Sia D.","JHEP Rep. 2021 Jan 19;3(2):100226. doi: 10.1016/j.jhepr.2021.100226. eCollection 2021 Apr.","Moeini A","JHEP Rep","2021","2021/03/05","PMC7902553","","10.1016/j.jhepr.2021.100226"
"33470922","Sclerosing Epithelioid Fibrosarcoma of the Kidney: First Reported Case in a Young Child","Kurtz JL, Tan SY, Hazard FK.","Pediatr Dev Pathol. 2021 Mar-Apr;24(2):148-153. doi: 10.1177/1093526620977738. Epub 2021 Jan 20.","Kurtz JL","Pediatr Dev Pathol","2021","2021/01/20","","","10.1177/1093526620977738"
"33428796","Primary sclerosing epithelioid fibrosarcoma of the spine: a single-institution experience","Righi A, Pacheco M, Pipola V, Gambarotti M, Benini S, Sbaraglia M, Frisoni T, Boriani S, Dei Tos AP, Gasbarrini A.","Histopathology. 2021 Jun;78(7):976-986. doi: 10.1111/his.14332. Epub 2021 Apr 14.","Righi A","Histopathology","2021","2021/01/11","","","10.1111/his.14332"
"33183730","Challenges in the Diagnosis of Pediatric Spindle Cell/Sclerosing Rhabdomyosarcoma","Chen S, Rudzinski ER, Arnold MA.","Surg Pathol Clin. 2020 Dec;13(4):729-738. doi: 10.1016/j.path.2020.08.010. Epub 2020 Oct 9.","Chen S","Surg Pathol Clin","2020","2020/11/13","","","10.1016/j.path.2020.08.010"
"33084978","Sclerosing epithelioid fibrosarcoma of bone: morphological, immunophenotypical, and molecular findings of 9 cases","Kosemehmetoglu K, Ardic F, Kilpatrick SE, Aydingoz U, Sumathi VP, Michal M.","Virchows Arch. 2021 Apr;478(4):767-777. doi: 10.1007/s00428-020-02953-y. Epub 2020 Oct 21.","Kosemehmetoglu K","Virchows Arch","2021","2020/10/21","","","10.1007/s00428-020-02953-y"
"35118295","Liposarcomas of the mediastinum","Suster DI, Suster S.","Mediastinum. 2020 Sep 30;4:27. doi: 10.21037/med-20-42. eCollection 2020.","Suster DI","Mediastinum","2020","2022/02/04","PMC8794306","","10.21037/med-20-42"
"35118294","Fibroblastic sarcomas of the mediastinum","Chen S, Badve SS.","Mediastinum. 2020 Sep 30;4:26. doi: 10.21037/med-20-44. eCollection 2020.","Chen S","Mediastinum","2020","2022/02/04","PMC8794436","","10.21037/med-20-44"
"32964769","Gastric Sclerosing Epithelioid Fibrosarcoma Harboring a Rare FUS-CREM Fusion","Memon RA, Granada CNP, Patel C, Manne U, Heslin MJ, Gbolahan OB, Harada S, Diffalha SA.","Int J Surg Pathol. 2021 Aug;29(5):565-570. doi: 10.1177/1066896920961174. Epub 2020 Sep 23.","Memon RA","Int J Surg Pathol","2021","2020/09/23","","","10.1177/1066896920961174"
"32769431","Sclerosing Epithelioid Fibrosarcoma: A Distinct Sarcoma With Aggressive Features","Warmke LM, Meis JM.","Am J Surg Pathol. 2021 Mar 1;45(3):317-328. doi: 10.1097/PAS.0000000000001559.","Warmke LM","Am J Surg Pathol","2021","2020/08/10","","","10.1097/PAS.0000000000001559"
"32713625","[Sclerosing rhabdomyosarcoma of the parotid gland: Unusual location of a rare mesenchymal tumor]","Bacha D, Chaabane A, Charfi L, Douggaz A, Kilani H, Chelbi E.","Ann Pathol. 2021 Feb;41(1):123-128. doi: 10.1016/j.annpat.2020.05.007. Epub 2020 Jul 23.","Bacha D","Ann Pathol","2021","2020/07/28","","","10.1016/j.annpat.2020.05.007"
"32624384","Sclerosing epithelioid fibrosarcoma: cytologic characterization with histologic, immunohistologic, molecular, and clinical correlation of 8 cases","Porteus C, Gan Q, Gong Y, Pantanowitz L, Henderson-Jackson E, Saeed-Vafa D, Mela N, Peterson D, Ahmad N, Ahmed A, Bui M.","J Am Soc Cytopathol. 2020 Nov-Dec;9(6):513-519. doi: 10.1016/j.jasc.2020.05.005. Epub 2020 Jun 5.","Porteus C","J Am Soc Cytopathol","2020","2020/07/07","","","10.1016/j.jasc.2020.05.005"
"32506986","An EWSR1-CREB3L1 Fusion Gene in Extraskeletal Undifferentiated Round Cell Sarcoma Expands the Spectrum of Genetic Landscape in the ""Ewing-Like"" Undifferentiated Round Cell Sarcomas","Bissonnette C, Shilo K, Liebner D, Rogers A, Pollock RE, Iwenofu OH.","Int J Surg Pathol. 2021 Feb;29(1):109-116. doi: 10.1177/1066896920929081. Epub 2020 Jun 7.","Bissonnette C","Int J Surg Pathol","2021","2020/06/09","","","10.1177/1066896920929081"
"32461620","Pan-sarcoma genomic analysis of KMT2A rearrangements reveals distinct subtypes defined by YAP1-KMT2A-YAP1 and VIM-KMT2A fusions","Massoth LR, Hung YP, Nardi V, Nielsen GP, Hasserjian RP, Louissaint A Jr, Fisch AS, Deshpande V, Zukerberg LR, Lennerz JK, Selig M, Glomski K, Patel PJ, Williams KJ, Sokol ES, Alexander BM, Vergilio JA, Ross JS, Pavlick DC, Chebib I, Williams EA.","Mod Pathol. 2020 Nov;33(11):2307-2317. doi: 10.1038/s41379-020-0582-4. Epub 2020 May 27.","Massoth LR","Mod Pathol","2020","2020/05/29","PMC7581494","","10.1038/s41379-020-0582-4"
"31950474","Soft Tissue Special Issue: Fibroblastic and Myofibroblastic Neoplasms of the Head and Neck","Baranov E, Hornick JL.","Head Neck Pathol. 2020 Mar;14(1):43-58. doi: 10.1007/s12105-019-01104-3. Epub 2020 Jan 16.","Baranov E","Head Neck Pathol","2020","2020/01/18","PMC7021862","","10.1007/s12105-019-01104-3"
"31913156","Recurrent Fusions Between YAP1 and KMT2A in Morphologically Distinct Neoplasms Within the Spectrum of Low-grade Fibromyxoid Sarcoma and Sclerosing Epithelioid Fibrosarcoma","Puls F, Agaimy A, Flucke U, Mentzel T, Sumathi VP, Ploegmakers M, Stoehr R, Kindblom LG, Hansson M, Sydow S, Arbajian E, Mertens F.","Am J Surg Pathol. 2020 May;44(5):594-606. doi: 10.1097/PAS.0000000000001423.","Puls F","Am J Surg Pathol","2020","2020/01/09","","","10.1097/PAS.0000000000001423"
"31879078","Spinal solitary fibrous tumor of the neck: Next-generation sequencing-based analysis of genomic aberrations","Ando M, Kobayashi H, Shinozaki-Ushiku A, Chikuda H, Matsubayashi Y, Yoshida M, Saito Y, Kohsaka S, Oda K, Miyagawa K, Aburatani H, Mano H, Yamasoba T.","Auris Nasus Larynx. 2020 Dec;47(6):1058-1063. doi: 10.1016/j.anl.2019.12.001. Epub 2019 Dec 24.","Ando M","Auris Nasus Larynx","2020","2019/12/28","","","10.1016/j.anl.2019.12.001"
"31675134","Clinical and molecular characterization of primary sclerosing epithelioid fibrosarcoma of bone and review of the literature","Tsuda Y, Dickson BC, Dry SM, Federman N, Suurmeijer AJH, Swanson D, Sung YS, Zhang L, Healey JH, Antonescu CR.","Genes Chromosomes Cancer. 2020 Apr;59(4):217-224. doi: 10.1002/gcc.22822. Epub 2019 Nov 15.","Tsuda Y","Genes Chromosomes Cancer","2020","2019/11/02","PMC7082133","NIHMS1563472","10.1002/gcc.22822"
"31592798","Recurrent YAP1 and KMT2A Gene Rearrangements in a Subset of MUC4-negative Sclerosing Epithelioid Fibrosarcoma","Kao YC, Lee JC, Zhang L, Sung YS, Swanson D, Hsieh TH, Liu YR, Agaram NP, Huang HY, Dickson BC, Antonescu CR.","Am J Surg Pathol. 2020 Mar;44(3):368-377. doi: 10.1097/PAS.0000000000001382.","Kao YC","Am J Surg Pathol","2020","2019/10/09","PMC7012758","NIHMS1539509","10.1097/PAS.0000000000001382"
"31556568","Benign-looking primary fibrosarcoma of the uterus","Braun M, Kuncman W, Szumera-Ciećkiewicz A, Koseła-Paterczyk H, Musiał J, Jesionek-Kupnicka D, Ryś J, Kordek R.","Pol J Pathol. 2019;70(2):148-152. doi: 10.5114/pjp.2019.87108.","Braun M","Pol J Pathol","2019","2019/09/27","","","10.5114/pjp.2019.87108"
"31335288","Sclerosing Epithelioid Fibrosarcoma of the Bone With Rare EWSR1-CREB3L3 Translocation Driving Upregulation of the PI3K/mTOR Signaling Pathway","Shenoy A, Surrey L, Jain P, Foster J, Straka J, Resnick A, Waanders A, Luo M, Li M, Kazahaya K, Bagatell R, Wojcik J, Pogoriler J.","Pediatr Dev Pathol. 2019 Nov-Dec;22(6):594-598. doi: 10.1177/1093526619864230. Epub 2019 Jul 23.","Shenoy A","Pediatr Dev Pathol","2019","2019/07/24","","","10.1177/1093526619864230"
"31305268","Expanding the Phenotypic Spectrum of Mesenchymal Tumors Harboring the EWSR1-CREM Fusion","Yoshida A, Wakai S, Ryo E, Miyata K, Miyazawa M, Yoshida KI, Motoi T, Ogawa C, Iwata S, Kobayashi E, Watanabe SI, Kawai A, Mori T.","Am J Surg Pathol. 2019 Dec;43(12):1622-1630. doi: 10.1097/PAS.0000000000001331.","Yoshida A","Am J Surg Pathol","2019","2019/07/16","","","10.1097/PAS.0000000000001331"
"31206726","The degree of sclerosis is associated with prognosis in well-differentiated liposarcoma of the retroperitoneum","Chrisinger JSA, Al-Zaid T, Keung EZ, Leung C, Lin HY, Roland CL, Torres KE, Benjamin RS, Ingram DR, Khan S, Somaiah N, Amini B, Feig BW, Lazar AJ, Wang WL.","J Surg Oncol. 2019 Sep;120(3):382-388. doi: 10.1002/jso.25585. Epub 2019 Jun 17.","Chrisinger JSA","J Surg Oncol","2019","2019/06/18","PMC7652035","NIHMS1642352","10.1002/jso.25585"
"30825419","Primary sclerosing epithelioid fibrosarcoma of the kidney: Report of two additional cases with a clinicopathological and molecular cytogenetic study","Wang X, Wang J.","Exp Mol Pathol. 2019 Apr;107:179-183. doi: 10.1016/j.yexmp.2019.02.006. Epub 2019 Feb 27.","Wang X","Exp Mol Pathol","2019","2019/03/03","","","10.1016/j.yexmp.2019.02.006"
"30604891","The expanding morphological and genetic spectrum of MYOD1-mutant spindle cell/sclerosing rhabdomyosarcomas: a clinicopathological and molecular comparison of mutated and non-mutated cases","Tsai JW, ChangChien YC, Lee JC, Kao YC, Li WS, Liang CW, Liao IC, Chang YM, Wang JC, Tsao CF, Yu SC, Huang HY.","Histopathology. 2019 May;74(6):933-943. doi: 10.1111/his.13819. Epub 2019 Apr 4.","Tsai JW","Histopathology","2019","2019/01/04","","","10.1111/his.13819"
"30509048","Low-grade fibromyxoid sarcoma of the extremities: a clinicopathologic study of 24 cases and review of the literature","Sambri A, Righi A, Tuzzato G, Donati D, Bianchi G.","Pol J Pathol. 2018;69(3):219-225. doi: 10.5114/pjp.2018.79541.","Sambri A","Pol J Pathol","2018","2018/12/05","","","10.5114/pjp.2018.79541"
"30376220","NKX2.2 immunohistochemistry in the distinction of Ewing sarcoma from cytomorphologic mimics: Diagnostic utility and pitfalls","Russell-Goldman E, Hornick JL, Qian X, Jo VY.","Cancer Cytopathol. 2018 Nov;126(11):942-949. doi: 10.1002/cncy.22056. Epub 2018 Oct 30.","Russell-Goldman E","Cancer Cytopathol","2018","2018/10/31","","","10.1002/cncy.22056"
"30187231","Clinical Characteristics and efficacy of chemotherapy in sclerosing epithelioid fibrosarcoma","Chew W, Benson C, Thway K, Hayes A, Miah A, Zaidi S, Lee ATJ, Messiou C, Fisher C, van der Graaf WT, Jones RL.","Med Oncol. 2018 Sep 5;35(11):138. doi: 10.1007/s12032-018-1192-6.","Chew W","Med Oncol","2018","2018/09/07","PMC6132781","","10.1007/s12032-018-1192-6"
"29661713","Review with novel markers facilitates precise categorization of 41 cases of diagnostically challenging, ""undifferentiated small round cell tumors"". A clinicopathologic, immunophenotypic and molecular analysis","Machado I, Yoshida A, Morales MGN, Abrahão-Machado LF, Navarro S, Cruz J, Lavernia J, Parafioriti A, Picci P, Llombart-Bosch A.","Ann Diagn Pathol. 2018 Jun;34:1-12. doi: 10.1016/j.anndiagpath.2017.11.011. Epub 2017 Nov 29.","Machado I","Ann Diagn Pathol","2018","2018/04/18","","","10.1016/j.anndiagpath.2017.11.011"
"29426275","Primary Renal Hybrid Low-grade Fibromyxoid Sarcoma-Sclerosing Epithelioid Fibrosarcoma: An Unusual Pediatric Case With EWSR1-CREB3L1 Fusion","Mok Y, Pang YH, Sanjeev JS, Kuick CH, Chang KT.","Pediatr Dev Pathol. 2018 Nov-Dec;21(6):574-579. doi: 10.1177/1093526617754030. Epub 2018 Feb 9.","Mok Y","Pediatr Dev Pathol","2018","2018/02/11","","","10.1177/1093526617754030"
"29274042","Sclerosing Epithelioid Fibrosarcoma of the Jaw: Late Recurrence from a Low Grade Fibromyxoid Sarcoma","Laliberte C, Leong IT, Holmes H, Monteiro EA, O'Sullivan B, Dickson BC.","Head Neck Pathol. 2018 Dec;12(4):619-622. doi: 10.1007/s12105-017-0879-x. Epub 2017 Dec 22.","Laliberte C","Head Neck Pathol","2018","2017/12/24","PMC6232198","","10.1007/s12105-017-0879-x"
"29172820","A Sclerosing Perineurioma With Collagen Rosette Formation: Benign Mimic of Low-Grade Fibromyxoid Sarcoma","Creytens D, Ferdinande L, Van Dorpe J.","Int J Surg Pathol. 2018 Apr;26(2):145-147. doi: 10.1177/1066896917741551. Epub 2017 Nov 26.","Creytens D","Int J Surg Pathol","2018","2017/11/28","","","10.1177/1066896917741551"
"28939748","In-depth Genetic Analysis of Sclerosing Epithelioid Fibrosarcoma Reveals Recurrent Genomic Alterations and Potential Treatment Targets","Arbajian E, Puls F, Antonescu CR, Amary F, Sciot R, Debiec-Rychter M, Sumathi VP, Järås M, Magnusson L, Nilsson J, Hofvander J, Mertens F.","Clin Cancer Res. 2017 Dec 1;23(23):7426-7434. doi: 10.1158/1078-0432.CCR-17-1856. Epub 2017 Sep 22.","Arbajian E","Clin Cancer Res","2017","2017/09/24","","","10.1158/1078-0432.CCR-17-1856"
"28705709","A novel sclerosing atypical lipomatous tumor/well-differentiated liposarcoma in a 7-year-old girl: report of a case with molecular confirmation","Peng R, Chen H, Yang X, Zhang X, Zhang Z, He X, Zhang H.","Hum Pathol. 2018 Jan;71:41-46. doi: 10.1016/j.humpath.2017.06.015. Epub 2017 Jul 11.","Peng R","Hum Pathol","2018","2017/07/15","","","10.1016/j.humpath.2017.06.015"
"28648941","Low-grade fibromyxoid sarcoma: Clinical, morphologic and genetic features","Mohamed M, Fisher C, Thway K.","Ann Diagn Pathol. 2017 Jun;28:60-67. doi: 10.1016/j.anndiagpath.2017.04.001. Epub 2017 Apr 5.","Mohamed M","Ann Diagn Pathol","2017","2017/06/27","","","10.1016/j.anndiagpath.2017.04.001"
"28569045","A novel EWS-CREB3L3 gene fusion in a mesenteric sclerosing epithelioid fibrosarcoma","Dewaele B, Libbrecht L, Levy G, Brichard B, Vanspauwen V, Sciot R, Debiec-Rychter M.","Genes Chromosomes Cancer. 2017 Sep;56(9):695-699. doi: 10.1002/gcc.22474. Epub 2017 Jul 1.","Dewaele B","Genes Chromosomes Cancer","2017","2017/06/02","","","10.1002/gcc.22474"
"27641819","[A hybrid lesion: Low-grade fibromyxoid sarcoma (LGFMS) and sclerosing epithelioid fibrosarcoma (SEF)]","Kesrouani C, Zemoura L, Trassard M, Laé M.","Ann Pathol. 2016 Oct;36(5):351-354. doi: 10.1016/j.annpat.2016.07.002. Epub 2016 Sep 15.","Kesrouani C","Ann Pathol","2016","2016/09/20","","","10.1016/j.annpat.2016.07.002"
"27631873","Sclerosing epithelioid fibrosarcoma","Patterson JW, Tchernev G, Chokoeva AA, Wick MR.","Wien Med Wochenschr. 2017 Apr;167(5-6):120-123. doi: 10.1007/s10354-016-0509-3. Epub 2016 Sep 15.","Patterson JW","Wien Med Wochenschr","2017","2016/09/16","","","10.1007/s10354-016-0509-3"
"27261172","Clinical and molecular heterogeneity of head and neck spindle cell and sclerosing rhabdomyosarcoma","Owosho AA, Chen S, Kashikar S, Zhang L, Chen CL, Wexler LH, Estilo CL, Huryn JM, Antonescu CR.","Oral Oncol. 2016 Jul;58:e6-e11. doi: 10.1016/j.oraloncology.2016.05.009. Epub 2016 May 31.","Owosho AA","Oral Oncol","2016","2016/06/05","PMC5518412","NIHMS876491","10.1016/j.oraloncology.2016.05.009"
"26449317","Primary sclerosing epithelioid fibrosarcoma of kidney with variant histomorphologic features: report of 2 cases and review of the literature","Ertoy Baydar D, Kosemehmetoglu K, Aydin O, Bridge JA, Buyukeren B, Aki FT.","Diagn Pathol. 2015 Oct 9;10:186. doi: 10.1186/s13000-015-0420-z.","Ertoy Baydar D","Diagn Pathol","2015","2015/10/10","PMC4599747","","10.1186/s13000-015-0420-z"
"26212576","Non-fibrosing sclerosing epithelioid fibrosarcoma: an unusual variant","Puls F, Magnusson L, Niblett A, Douis H, Peake D, Taniere P, Kindblom LG, Mertens F.","Histopathology. 2016 Apr;68(5):760-3. doi: 10.1111/his.12791. Epub 2015 Sep 14.","Puls F","Histopathology","2016","2015/07/28","","","10.1111/his.12791"
"26209924","Sclerosing epithelioid fibrosarcoma of the thigh: report of two cases with synchronous bone metastases","Righi A, Gambarotti M, Manfrini M, Benini S, Gamberi G, Cocchi S, Casadei R, Picci P, Vanel D, Dei Tos AP.","Virchows Arch. 2015 Sep;467(3):339-44. doi: 10.1007/s00428-015-1810-z. Epub 2015 Jul 26.","Righi A","Virchows Arch","2015","2015/07/27","","","10.1007/s00428-015-1810-z"
"25990776","Sclerosing epithelioid fibrosarcoma of the kidney: clinicopathologic and molecular study of a rare neoplasm at a novel location","Ohlmann CH, Brecht IB, Junker K, van der Zee JA, Nistor A, Bohle RM, Stöckle M, Metzler M, Hartmann A, Agaimy A.","Ann Diagn Pathol. 2015 Aug;19(4):221-5. doi: 10.1016/j.anndiagpath.2015.04.005. Epub 2015 May 6.","Ohlmann CH","Ann Diagn Pathol","2015","2015/05/21","","","10.1016/j.anndiagpath.2015.04.005"
"25526790","Treatment of an aggressive aneurysmal bone cyst with percutaneous injection of polidocanol: a case report","Brosjö O, Tsagozis P.","J Med Case Rep. 2014 Dec 20;8:450. doi: 10.1186/1752-1947-8-450.","Brosjö O","J Med Case Rep","2014","2014/12/21","PMC4307636","","10.1186/1752-1947-8-450"
"25487991","A case of pure sclerosing epithelioid fibrosarcoma with a cytogenetic and fluorescence in situ hybridization study","Suzuki H, Takeda H, Yamashiro K, Soma T, Osanai T, Hiraga H, Isu K, Tamakawa M, Nojima T.","Pathol Int. 2015 Jan;65(1):48-50. doi: 10.1111/pin.12223. Epub 2014 Dec 8.","Suzuki H","Pathol Int","2015","2014/12/10","","","10.1111/pin.12223"
"25353281","Primary renal sclerosing epithelioid fibrosarcoma: report of 2 cases with EWSR1-CREB3L1 gene fusion","Argani P, Lewin JR, Edmonds P, Netto GJ, Prieto-Granada C, Zhang L, Jungbluth AA, Antonescu CR.","Am J Surg Pathol. 2015 Mar;39(3):365-73. doi: 10.1097/PAS.0000000000000338.","Argani P","Am J Surg Pathol","2015","2014/10/30","PMC4326586","NIHMS627218","10.1097/PAS.0000000000000338"
"25231134","A genetic dichotomy between pure sclerosing epithelioid fibrosarcoma (SEF) and hybrid SEF/low-grade fibromyxoid sarcoma: a pathologic and molecular study of 18 cases","Prieto-Granada C, Zhang L, Chen HW, Sung YS, Agaram NP, Jungbluth AA, Antonescu CR.","Genes Chromosomes Cancer. 2015 Jan;54(1):28-38. doi: 10.1002/gcc.22215. Epub 2014 Sep 18.","Prieto-Granada C","Genes Chromosomes Cancer","2015","2014/09/19","PMC4232448","NIHMS640216","10.1002/gcc.22215"
"24730567","Histopathological, immunohistochemical and molecular cytogenetic analysis of 21 spindle cell/sclerosing rhabdomyosarcomas","Rekhi B, Singhvi T.","APMIS. 2014 Nov;122(11):1144-52. doi: 10.1111/apm.12272. Epub 2014 Apr 14.","Rekhi B","APMIS","2014","2014/04/16","","","10.1111/apm.12272"
"24441665","Recurrent EWSR1-CREB3L1 gene fusions in sclerosing epithelioid fibrosarcoma","Arbajian E, Puls F, Magnusson L, Thway K, Fisher C, Sumathi VP, Tayebwa J, Nord KH, Kindblom LG, Mertens F.","Am J Surg Pathol. 2014 Jun;38(6):801-8. doi: 10.1097/PAS.0000000000000158.","Arbajian E","Am J Surg Pathol","2014","2014/01/21","","","10.1097/PAS.0000000000000158"
"24320889","The diversity of soft tissue tumours with EWSR1 gene rearrangements: a review","Fisher C.","Histopathology. 2014 Jan;64(1):134-50. doi: 10.1111/his.12269. Epub 2013 Nov 6.","Fisher C","Histopathology","2014","2013/12/11","","","10.1111/his.12269"
"24266941","Fibrosarcoma: a review and update","Folpe AL.","Histopathology. 2014 Jan;64(1):12-25. doi: 10.1111/his.12282. Epub 2013 Nov 22.","Folpe AL","Histopathology","2014","2013/11/26","","","10.1111/his.12282"
"24141023","PNET with neuroendocrine differentiation of the lung: Report of an unusual entity","Barroca H, Souto Moura C, Lopes JM, Lisboa S, Teixeira MR, Damasceno M, Bastos P, Sobrinho-Simões M.","Int J Surg Pathol. 2014 Aug;22(5):427-33. doi: 10.1177/1066896913502227. Epub 2013 Oct 17.","Barroca H","Int J Surg Pathol","2014","2013/10/22","","","10.1177/1066896913502227"
"24140396","Pathogenesis, diagnosis, and management of cholangiocarcinoma","Rizvi S, Gores GJ.","Gastroenterology. 2013 Dec;145(6):1215-29. doi: 10.1053/j.gastro.2013.10.013. Epub 2013 Oct 15.","Rizvi S","Gastroenterology","2013","2013/10/22","PMC3862291","NIHMS535439","10.1053/j.gastro.2013.10.013"
"23766666","MDM2 Amplification and PI3KCA Mutation in a Case of Sclerosing Rhabdomyosarcoma","Kikuchi K, Wettach GR, Ryan CW, Hung A, Hooper JE, Beadling C, Warrick A, Corless CL, Olson SB, Keller C, Mansoor A.","Sarcoma. 2013;2013:520858. doi: 10.1155/2013/520858. Epub 2013 May 20.","Kikuchi K","Sarcoma","2013","2013/06/15","PMC3673319","","10.1155/2013/520858"
"22990679","Sclerosing rhabdomyosarcoma: report of a case arising in the head and neck of an adult and review of the literature","Robinson JC, Richardson MS, Neville BW, Day TA, Chi AC.","Head Neck Pathol. 2013 Jun;7(2):193-202. doi: 10.1007/s12105-012-0398-8. Epub 2012 Sep 19.","Robinson JC","Head Neck Pathol","2013","2012/09/20","PMC3642263","","10.1007/s12105-012-0398-8"
"22982887","MUC4 is a sensitive and extremely useful marker for sclerosing epithelioid fibrosarcoma: association with FUS gene rearrangement","Doyle LA, Wang WL, Dal Cin P, Lopez-Terrada D, Mertens F, Lazar AJ, Fletcher CD, Hornick JL.","Am J Surg Pathol. 2012 Oct;36(10):1444-51. doi: 10.1097/PAS.0b013e3182562bf8.","Doyle LA","Am J Surg Pathol","2012","2012/09/18","","","10.1097/PAS.0b013e3182562bf8"
"22388756","FUS rearrangements are rare in 'pure' sclerosing epithelioid fibrosarcoma","Wang WL, Evans HL, Meis JM, Liegl-Atzwanger B, Bovee JV, Goldblum JR, Billings SD, Rubin BP, López-Terrada D, Lazar AJ.","Mod Pathol. 2012 Jun;25(6):846-53. doi: 10.1038/modpathol.2011.214. Epub 2012 Mar 2.","Wang WL","Mod Pathol","2012","2012/03/06","","","10.1038/modpathol.2011.214"
"22192807","Sclerosing epithelioid fibrosarcoma: cytogenetic analysis of FUS rearrangement","Yoon N, Kwon JW, Seo SW, Ahn G, Choi YL.","Pathol Int. 2012 Jan;62(1):65-8. doi: 10.1111/j.1440-1827.2011.02752.x. Epub 2011 Nov 24.","Yoon N","Pathol Int","2012","2011/12/24","","","10.1111/j.1440-1827.2011.02752.x"
"21691827","Sclerosing epithelioid fibrosarcoma of the oral cavity","Elkins CT, Wakely PE Jr.","Head Neck Pathol. 2011 Dec;5(4):428-31. doi: 10.1007/s12105-011-0277-8. Epub 2011 Jun 21.","Elkins CT","Head Neck Pathol","2011","2011/06/22","PMC3210214","","10.1007/s12105-011-0277-8"
"21658743","Low-grade fibromyxoid sarcoma of the perineum with heterotopic ossification: case report and review of the literature","Lee AF, Yip S, Smith AC, Hayes MM, Nielsen TO, O'Connell JX.","Hum Pathol. 2011 Nov;42(11):1804-9. doi: 10.1016/j.humpath.2011.01.023. Epub 2011 Jun 11.","Lee AF","Hum Pathol","2011","2011/06/11","","","10.1016/j.humpath.2011.01.023"
"21415703","MUC4 is a highly sensitive and specific marker for low-grade fibromyxoid sarcoma","Doyle LA, Möller E, Dal Cin P, Fletcher CD, Mertens F, Hornick JL.","Am J Surg Pathol. 2011 May;35(5):733-41. doi: 10.1097/PAS.0b013e318210c268.","Doyle LA","Am J Surg Pathol","2011","2011/03/19","","","10.1097/PAS.0b013e318210c268"
"20829680","Adult-type fibrosarcoma: A reevaluation of 163 putative cases diagnosed at a single institution over a 48-year period","Bahrami A, Folpe AL.","Am J Surg Pathol. 2010 Oct;34(10):1504-13. doi: 10.1097/PAS.0b013e3181ef70b6.","Bahrami A","Am J Surg Pathol","2010","2010/09/11","","","10.1097/PAS.0b013e3181ef70b6"
"20499220","Sclerosing epithelioid fibrosarcoma - a report of two cases with cytogenetic analysis of FUS gene rearrangement by FISH technique","Rekhi B, Folpe AL, Deshmukh M, Jambhekar NA.","Pathol Oncol Res. 2011 Mar;17(1):145-8. doi: 10.1007/s12253-010-9277-3. Epub 2010 May 25.","Rekhi B","Pathol Oncol Res","2011","2010/05/26","","","10.1007/s12253-010-9277-3"
"20042850","Postsplenectomy sclerosing extramedullary hematopoietic tumor with unexpected good clinical evolution: morphologic, immunohistochemical, and molecular analysis of one case and review of the literature","Gualco G, Ojopi EB, Chioato L, Cordeiro DL, Negretti F, Bacchi CE.","Appl Immunohistochem Mol Morphol. 2010 May;18(3):291-5. doi: 10.1097/PAI.0b013e3181c69bfb.","Gualco G","Appl Immunohistochem Mol Morphol","2010","2010/01/01","","","10.1097/PAI.0b013e3181c69bfb"
"18657268","Sclerosing epithelioid fibrosarcoma as a rare cause of ascites in a young man: a case report","Smith PJ, Almeida B, Krajacevic J, Taylor B.","J Med Case Rep. 2008 Jul 25;2:248. doi: 10.1186/1752-1947-2-248.","Smith PJ","J Med Case Rep","2008","2008/07/29","PMC2503998","","10.1186/1752-1947-2-248"
"18628356","Molecular analysis of multifocal papillary thyroid carcinoma","Lin X, Finkelstein SD, Zhu B, Silverman JF.","J Mol Endocrinol. 2008 Oct;41(4):195-203. doi: 10.1677/JME-08-0063. Epub 2008 Jul 15.","Lin X","J Mol Endocrinol","2008","2008/07/17","","","10.1677/JME-08-0063"
"17721195","Translocation-positive low-grade fibromyxoid sarcoma: clinicopathologic and molecular analysis of a series expanding the morphologic spectrum and suggesting potential relationship to sclerosing epithelioid fibrosarcoma: a study from the French Sarcoma Group","Guillou L, Benhattar J, Gengler C, Gallagher G, Ranchère-Vince D, Collin F, Terrier P, Terrier-Lacombe MJ, Leroux A, Marquès B, Aubain Somerhausen Nde S, Keslair F, Pedeutour F, Coindre JM.","Am J Surg Pathol. 2007 Sep;31(9):1387-402. doi: 10.1097/PAS.0b013e3180321959.","Guillou L","Am J Surg Pathol","2007","2007/08/28","","","10.1097/PAS.0b013e3180321959"
"17255901","[Low grade fibromyxoid sarcoma: a clinico-pathologic analysis of 7 cases]","Périgny M, Dion N, Couture C, Lagacé R.","Ann Pathol. 2006 Dec;26(6):419-25. doi: 10.1016/s0242-6498(06)70750-7.","Périgny M","Ann Pathol","2006","2007/01/27","","","10.1016/s0242-6498(06)70750-7"
"17163160","From morphological to molecular diagnosis of soft tissue tumors","Miettinen M.","Adv Exp Med Biol. 2006;587:99-113. doi: 10.1007/978-1-4020-5133-3_10.","Miettinen M","Adv Exp Med Biol","2006","2006/12/14","","","10.1007/978-1-4020-5133-3_10"
"16006796","Morphologic and immunophenotypic diversity in Ewing family tumors: a study of 66 genetically confirmed cases","Folpe AL, Goldblum JR, Rubin BP, Shehata BM, Liu W, Dei Tos AP, Weiss SW.","Am J Surg Pathol. 2005 Aug;29(8):1025-33.","Folpe AL","Am J Surg Pathol","2005","2005/07/12","","",""
"12843968","[Recent entities in soft tissue tumor pathology. Part 2]","Genevay M, Coindre JM, Guillou L.","Ann Pathol. 2003 Apr;23(2):135-48.","Genevay M","Ann Pathol","2003","2003/07/05","","",""
"11940218","Overexpression of MDM2 in a sclerosing epithelioid fibrosarcoma: genetic, immunohistochemical and ultrastructural study of a case","Jiao YF, Nakamura S, Sugai T, Uesugi N, Habano W, Ogata M, Fujioka T.","Pathol Int. 2002 Feb;52(2):135-40. doi: 10.1046/j.1440-1827.2002.01326.x.","Jiao YF","Pathol Int","2002","2002/04/10","","","10.1046/j.1440-1827.2002.01326.x"
"10982304","Liposarcoma: new entities and evolving concepts","Dei Tos AP.","Ann Diagn Pathol. 2000 Aug;4(4):252-66. doi: 10.1053/adpa.2000.8133.","Dei Tos AP","Ann Diagn Pathol","2000","2000/09/12","","","10.1053/adpa.2000.8133"
"9383826","Clear cell tumors of the somatic soft tissues","d'Amore ES, Ninfo V.","Semin Diagn Pathol. 1997 Nov;14(4):270-80.","d'Amore ES","Semin Diagn Pathol","1997","1998/01/31","","",""
"8594076","Major basement membrane components in Kaposi's sarcoma, angiosarcoma and benign vascular neogenesis","Dictor M, Bendsöe N, Runke S, Witte M.","J Cutan Pathol. 1995 Oct;22(5):435-41. doi: 10.1111/j.1600-0560.1995.tb00759.x.","Dictor M","J Cutan Pathol","1995","1995/10/01","","","10.1111/j.1600-0560.1995.tb00759.x"
"8001010","Childhood cancer","Miller RW, Young JL Jr, Novakovic B.","Cancer. 1995 Jan 1;75(1 Suppl):395-405. doi: 10.1002/1097-0142(19950101)75:1+<395::aid-cncr2820751321>3.0.co;2-w.","Miller RW","Cancer","1995","1995/01/01","","","10.1002/1097-0142(19950101)75:1+<395::aid-cncr2820751321>3.0.co;2-w"
